Id;Référence;Empreinte;Quantité;Désignation;Fournisseur et réf
20;C1;C_0805_2012Metric;1;10u;
10;C3;C_0805_2012Metric;1;0.68u;
25;C4;C_0805_2012Metric;1;33n;
21;C5;C_0805_2012Metric;1;330n;
36;C6;C_0805_2012Metric;1;1u;
30;C7;C_0805_2012Metric;1;220n;
14;C8,C2;C_0805_2012Metric;2;C_Small;
15;D1;D_SOD-523;1;1N914BWT;
3;D2;DIOM7958X256N;1;MBRS330T3G;
27;D4;D_SMB_Handsoldering;1;SMBJ15A;
17;D5;D_SOD-123;1;PMEG40T20ERX;
37;F1;FUSC4632X165N;1;SMD1812B075TF/33;
35;IC1;SOIC-8_3.9x4.9mm_P1.27mm;1;LT1959CS8#PBF;
16;J1;SHDR2W90P0X508_1X2_1076X1135X1810P;1;Conn_01x02;
33;L1;WE-PD_1260_1245_1280_121054;1;4.7u;
26;L2;WE-PD_1260_1245_1280_121054;1;68u;
34;L3;WE-PD_1260_1245_1280_121054;1;270u;
8;R2;R_1206_3216Metric;1;4.7k;
28;R3;R_1206_3216Metric;1;2.7k;
4;R4;R_1206_3216Metric;1;220R;
2;R5;RESC6432X120N;1;5.7;
6;R6;RESC6432X120N;1;15;
24;R7;RESC6432X120N;1;47;
13;R8,R1;R_0805_2012Metric;2;100;
19;R9;R_1206_3216Metric;1;0.5;
7;S2,S3,S1;L203011MS02Q;3;L203011MS02Q;
5;T1,T2;PA1005100NL;2;PA1005.100NL;
32;TP1;5000;1;i_c+;
22;TP10;5000;1;V_s;
31;TP2;5000;1;i_c-;
9;TP3;5000;1;V_in;
11;TP4;5000;1;V_fb;
1;TP5;5000;1;V_c;
12;TP6,TP11;5000;2;GND;
29;TP7;5000;1;V_sw;
23;TP8;5000;1;i_l+;
18;TP9;5000;1;i_l-;
